{
  "training_date": "2025-07-16T14:34:28.261930",
  "gtfs_data_summary": {
    "routes": 651,
    "stops": 2565,
    "stop_times": 4796,
    "trips": 651
  },
  "models_trained": [
    "travel_time",
    "demand"
  ],
  "model_performance": {
    "demand": {
      "r2_score": 0.8840532691560419,
      "mae": 8.070530351611874,
      "training_samples": 13440
    }
  }
}